{
    "Autofill Profile": [
        {
            "address_home_state_status": "OBSERVED",
            "address_home_country_status": "VERIFICATION_STATUS_UNSPECIFIED",
            "address_home_country": "",
            "name_honorific_status": ["VERIFICATION_STATUS_UNSPECIFIED"],
            "address_home_apt_num": "",
            "name_first_status": ["OBSERVED"],
            "address_home_thoroughfare_number": "205",
            "address_home_zip_status": "OBSERVED",
            "name_middle_status": ["VERIFICATION_STATUS_UNSPECIFIED"],
            "address_home_zip": "T6W 2J3",
            "birthdate_day": 0,
            "name_full_with_honorific_status": ["VERIFICATION_STATUS_UNSPECIFIED"],
            "address_home_street_address": "1238 WINDERMERE WAY SW\n205",
            "name_full_with_honorific": ["ASMA MEZGHANI"],
            "address_home_dependent_thoroughfare_name_status": "VERIFICATION_STATUS_UNSPECIFIED",
            "name_last_first": [""],
            "address_home_language_code": "",
            "address_home_city_status": "OBSERVED",
            "address_home_floor": "",
            "birthdate_year": 0,
            "name_last_conjunction": [""],
            "name_last_first_status": ["PARSED"],
            "birthdate_month": 0,
            "name_middle": [""],
            "company_name": "",
            "name_last_status": ["OBSERVED"],
            "guid": "4076ad8c-d811-4ff8-91a0-ed8d7b71bf58",
            "address_home_dependent_thoroughfare_name": "",
            "address_home_dependent_locality_status": "VERIFICATION_STATUS_UNSPECIFIED",
            "address_home_apt_num_status": "PARSED",
            "disallow_settings_visible_updates": false,
            "address_home_city": "EDMONTON",
            "name_full": ["ASMA MEZGHANI"],
            "name_full_status": ["FORMATTED"],
            "origin": "",
            "name_last_second_status": ["PARSED"],
            "address_home_subpremise_name_status": "FORMATTED",
            "name_last": ["MEZGHANI"],
            "use_count": 1,
            "address_home_thoroughfare_name": "1238 WINDERMERE WAY SW",
            "address_home_thoroughfare_number_status": "PARSED",
            "address_home_premise_name_status": "PARSED",
            "name_last_second": ["MEZGHANI"],
            "address_home_premise_name": "",
            "address_home_line1": "1238 WINDERMERE WAY SW",
            "address_home_line2": "205",
            "address_home_street_address_status": "OBSERVED",
            "name_first": ["ASMA"],
            "address_home_sorting_code": "",
            "name_honorific": [""],
            "name_last_conjunction_status": ["PARSED"],
            "address_home_state": "Alberta",
            "address_home_dependent_locality": "",
            "address_home_sorting_code_status": "VERIFICATION_STATUS_UNSPECIFIED",
            "address_home_subpremise_name": "",
            "email_address": [""],
            "address_home_thoroughfare_name_status": "PARSED",
            "address_home_floor_status": "PARSED",
            "phone_home_whole_number": [""],
            "use_date": 1654229878
}
    ]
}