{
    "Search Engines": [
        {
            "suggestions_url": "https://us.search.yahoo.com/sugg/gossip/gossip-us-partner?output=fxjson&appid=mca&source=yahoo_mcafee_searchassist&command={searchTerms}",
            "favicon_url": "https://search.yahoo.com/favicon.ico",
            "safe_for_autoreplace": false,
            "is_active": "ACTIVE_STATUS_UNSPECIFIED",
            "date_created": 13286775265085605,
            "starter_pack_id": 0,
            "url": "https://search.yahoo.com/search?fr=mcafee&type=E211US662G91645&p={searchTerms}",
            "new_tab_url": "",
            "originating_url": "",
            "sync_guid": "F59B2EC8-1D34-435D-B539-435BA415D1B6",
            "short_name": "Secure Search",
            "keyword": "mcafee",
            "input_encodings": "",
            "prepopulate_id": 1001,
            "last_modified": 13286775265085605
},
        {
            "suggestions_url": "{google:baseSuggestURL}search?{google:searchFieldtrialParameter}client={google:suggestClient}&gs_ri={google:suggestRid}&xssi=t&q={searchTerms}&{google:inputType}{google:omniboxFocusType}{google:cursorPosition}{google:currentPageUrl}{google:pageClassification}{google:clientCacheTimeToLive}{google:searchVersion}{google:sessionToken}{google:prefetchQuery}sugkey={google:suggestAPIKeyParameter}",
            "image_url_post_params": "encoded_image={google:imageThumbnail},image_url={google:imageURL},sbisrc={google:imageSearchSource},original_width={google:imageOriginalWidth},original_height={google:imageOriginalHeight}",
            "favicon_url": "https://www.google.com/favicon.ico",
            "safe_for_autoreplace": true,
            "is_active": "ACTIVE_STATUS_UNSPECIFIED",
            "date_created": 0,
            "image_url": "{google:baseSearchByImageURL}upload",
            "starter_pack_id": 0,
            "url": "{google:baseURL}search?q={searchTerms}&{google:RLZ}{google:originalQueryForSuggestion}{google:assistedQueryStats}{google:searchboxStats}{google:searchFieldtrialParameter}{google:iOSSearchLanguage}{google:prefetchSource}{google:searchClient}{google:sourceId}{google:contextualSearchVersion}ie={inputEncoding}",
            "new_tab_url": "",
            "originating_url": "",
            "sync_guid": "485bf7d3-0215-45af-87dc-538868000001",
            "short_name": "Google",
            "keyword": "google.com",
            "input_encodings": "UTF-8",
            "alternate_urls": [
                        "{google:baseURL}#q={searchTerms}",
                        "{google:baseURL}search#q={searchTerms}",
                        "{google:baseURL}webhp#q={searchTerms}",
                        "{google:baseURL}s#q={searchTerms}",
                        "{google:baseURL}s?q={searchTerms}"
            ],
            "prepopulate_id": 1,
            "last_modified": 13301041284365005
},
        {
            "suggestions_url": "https://ac.ecosia.org/autocomplete?q={searchTerms}&type=list",
            "favicon_url": "https://cdn.ecosia.org/assets/images/ico/favicon.ico",
            "safe_for_autoreplace": true,
            "is_active": "ACTIVE_STATUS_UNSPECIFIED",
            "date_created": 0,
            "starter_pack_id": 0,
            "url": "https://www.ecosia.org/search?q={searchTerms}&addon=opensearch",
            "new_tab_url": "",
            "originating_url": "",
            "sync_guid": "485bf7d3-0215-45af-87dc-538868000101",
            "short_name": "Ecosia",
            "keyword": "ecosia.org",
            "input_encodings": "UTF-8",
            "prepopulate_id": 101,
            "last_modified": 13301041284365024
},
        {
            "suggestions_url": "https://ca.search.yahoo.com/sugg/chrome?output=fxjson&appid=crmas&command={searchTerms}",
            "favicon_url": "https://ca.search.yahoo.com/favicon.ico",
            "safe_for_autoreplace": true,
            "is_active": "ACTIVE_STATUS_UNSPECIFIED",
            "date_created": 0,
            "starter_pack_id": 0,
            "url": "https://ca.search.yahoo.com/search{google:pathWildcard}?ei={inputEncoding}&fr=crmas&p={searchTerms}",
            "new_tab_url": "",
            "originating_url": "",
            "sync_guid": "485bf7d3-0215-45af-87dc-538868000002",
            "short_name": "Yahoo! Canada",
            "keyword": "ca.yahoo.com",
            "input_encodings": "UTF-8",
            "prepopulate_id": 2,
            "last_modified": 13301041284365018
},
        {
            "suggestions_url": "https://www.bing.com/osjson.aspx?query={searchTerms}&language={language}&PC=U316",
            "image_url_post_params": "imageBin={google:imageThumbnailBase64}",
            "favicon_url": "https://www.bing.com/sa/simg/favicon-trans-bg-blue-mg.ico",
            "safe_for_autoreplace": false,
            "is_active": "ACTIVE_STATUS_TRUE",
            "date_created": 0,
            "image_url": "https://www.bing.com/images/detail/search?iss=sbiupload&FORM=CHROMI#enterInsights",
            "starter_pack_id": 0,
            "url": "https://www.bing.com/search?q={searchTerms}&PC=U316&FORM=CHROMN",
            "new_tab_url": "https://www.bing.com/chrome/newtab",
            "originating_url": "",
            "sync_guid": "485bf7d3-0215-45af-87dc-538868000003",
            "short_name": "Bing",
            "keyword": "bing.com_",
            "input_encodings": "UTF-8",
            "prepopulate_id": 3,
            "last_modified": 13301041284365013
},
        {
            "suggestions_url": "",
            "favicon_url": "",
            "safe_for_autoreplace": false,
            "is_active": "ACTIVE_STATUS_TRUE",
            "date_created": 13301041284365124,
            "starter_pack_id": 2,
            "url": "chrome://history/?q={searchTerms}",
            "new_tab_url": "",
            "originating_url": "",
            "sync_guid": "ec205736-edd7-4022-a9a3-b431fc000002",
            "short_name": "Chrome History",
            "keyword": "@history",
            "input_encodings": "",
            "prepopulate_id": 0,
            "last_modified": 13301041284365124
},
        {
            "suggestions_url": "",
            "favicon_url": "https://www.youtube.com/s/desktop/1422277c/img/favicon_32x32.png",
            "safe_for_autoreplace": true,
            "is_active": "ACTIVE_STATUS_UNSPECIFIED",
            "date_created": 13228454694279307,
            "starter_pack_id": 0,
            "url": "https://www.youtube.com/results?search_query={searchTerms}&page={startPage?}&utm_source=opensearch",
            "new_tab_url": "",
            "originating_url": "https://www.youtube.com/opensearch?locale=en_US",
            "sync_guid": "cf1f3f5f-2326-490b-a2b7-acb2f3c17abd",
            "short_name": "YouTube",
            "keyword": "youtube.com",
            "input_encodings": "",
            "prepopulate_id": 0,
            "last_modified": 13228454694279307
},
        {
            "suggestions_url": "",
            "favicon_url": "",
            "safe_for_autoreplace": false,
            "is_active": "ACTIVE_STATUS_TRUE",
            "date_created": 13301041284365099,
            "starter_pack_id": 1,
            "url": "chrome://bookmarks/?q={searchTerms}",
            "new_tab_url": "",
            "originating_url": "",
            "sync_guid": "ec205736-edd7-4022-a9a3-b431fc000001",
            "short_name": "Chrome Bookmarks",
            "keyword": "@bookmarks",
            "input_encodings": "",
            "prepopulate_id": 0,
            "last_modified": 13301041284365099
},
        {
            "suggestions_url": "https://www.bing.com/osjson.aspx?query={searchTerms}",
            "favicon_url": "https://www.bing.com/sa/simg/favicon-trans-bg-blue-mg.ico",
            "safe_for_autoreplace": false,
            "is_active": "ACTIVE_STATUS_TRUE",
            "date_created": 0,
            "starter_pack_id": 0,
            "url": "https://www.bing.com/search?PC=PI02&q={searchTerms}&FORM=PISBRL",
            "new_tab_url": "",
            "originating_url": "",
            "sync_guid": "44F2534E-68C8-11EA-BCDD-94E979D5D69C",
            "short_name": "Bing.com",
            "keyword": "bing.com",
            "input_encodings": "UTF-8",
            "prepopulate_id": 0,
            "last_modified": 0
},
        {
            "suggestions_url": "https://www.facebook.com/search/opensearch/suggestions/?q={searchTerms}",
            "favicon_url": "https://static.xx.fbcdn.net/rsrc.php/yD/r/d4ZIVX-5C-b.ico",
            "safe_for_autoreplace": true,
            "is_active": "ACTIVE_STATUS_UNSPECIFIED",
            "date_created": 13228449046228593,
            "starter_pack_id": 0,
            "url": "https://www.facebook.com/search/top/?q={searchTerms}&opensearch=1",
            "new_tab_url": "",
            "originating_url": "https://www.facebook.com/osd.xml",
            "sync_guid": "0a9fd971-1148-4df9-95b6-2bcea322a71d",
            "short_name": "Facebook",
            "keyword": "facebook.com",
            "input_encodings": "UTF-8",
            "prepopulate_id": 0,
            "last_modified": 13228449046228593
},
        {
            "suggestions_url": "https://duckduckgo.com/ac/?q={searchTerms}&type=list",
            "favicon_url": "https://duckduckgo.com/favicon.ico",
            "safe_for_autoreplace": true,
            "is_active": "ACTIVE_STATUS_UNSPECIFIED",
            "date_created": 0,
            "starter_pack_id": 0,
            "url": "https://duckduckgo.com/?q={searchTerms}",
            "new_tab_url": "https://duckduckgo.com/chrome_newtab",
            "originating_url": "",
            "sync_guid": "485bf7d3-0215-45af-87dc-538868000092",
            "short_name": "DuckDuckGo",
            "keyword": "duckduckgo.com",
            "input_encodings": "UTF-8",
            "prepopulate_id": 92,
            "last_modified": 13301041284365023
}
    ]
}