{
    "Apps": [
        {
            "app_launch_ordinal": "t",
            "extension": {
                        "incognito_enabled": true,
                        "remote_install": false,
                        "disable_reasons": 0,
                        "update_url": "",
                        "id": "ahfgeienlihckogmohjhadlkjgocpleb",
                        "version": "0.2",
                        "enabled": true
            },
            "page_ordinal": "n"
}
    ],
    "App Settings": [],
    "Preferences": [
        {
            "name": "intl.accept_languages",
            "value": "\"en-CA,en-GB,en-US,en\""
},
        {
            "name": "session.startup_urls",
            "value": "[\"https://www.bing.com/?PC=PI01\"]"
},
        {
            "name": "profile.content_settings.exceptions.images",
            "value": "{}"
},
        {
            "name": "profile.content_settings.exceptions.local_fonts",
            "value": "{}"
},
        {
            "name": "browser.clear_data.cookies",
            "value": "true"
},
        {
            "name": "translate_too_often_denied_for_language",
            "value": "{\"ar\":true,\"es\":true}"
},
        {
            "name": "translate_force_trigger_on_english_count_for_backoff_1",
            "value": "-1"
},
        {
            "name": "browser.clear_data.time_period",
            "value": "4"
},
        {
            "name": "session.restore_on_startup",
            "value": "4"
},
        {
            "name": "profile.content_settings.exceptions.popups",
            "value": "{}"
},
        {
            "name": "translate_site_blacklist",
            "value": "[]"
},
        {
            "name": "safebrowsing.enabled",
            "value": "true"
},
        {
            "name": "translate_ignored_count_for_language",
            "value": "{\"ar\":0,\"fr\":0}"
},
        {
            "name": "download.prompt_for_download_android",
            "value": "2"
},
        {
            "name": "profile.content_settings.exceptions.cookies",
            "value": "{}"
},
        {
            "name": "translate_recent_target",
            "value": "\"en\""
},
        {
            "name": "browser.clear_data.browsing_history",
            "value": "true"
},
        {
            "name": "profile.content_settings.exceptions.get_display_media_set_select_all_screens",
            "value": "{}"
},
        {
            "name": "browser.clear_data.time_period_basic",
            "value": "2"
},
        {
            "name": "translate_site_blacklist_with_time",
            "value": "{}"
},
        {
            "name": "browser.clear_data.passwords",
            "value": "true"
},
        {
            "name": "sync.demographics_birth_year_offset",
            "value": "0"
},
        {
            "name": "browser.clear_data.hosted_apps_data",
            "value": "true"
},
        {
            "name": "extensions.pinned_extensions",
            "value": "[\"fheoggkfdfchfphceeifdbepaooicaho\"]"
},
        {
            "name": "default_search_provider.synced_guid",
            "value": "\"485bf7d3-0215-45af-87dc-538868000001\""
},
        {
            "name": "translate_accepted_count",
            "value": "{\"ar\":0,\"es\":0,\"fr\":1,\"mg\":0}"
},
        {
            "name": "browser.clear_data.form_data",
            "value": "true"
},
        {
            "name": "intl.selected_languages",
            "value": "\"en-CA,en-GB,en-US,en\""
},
        {
            "name": "sharing.vapid_key",
            "value": "{\"vapid_creation_timestamp\":\"13212839477703620\",\"vapid_private_key\":\"MIGHAgEAMBMGByqGSM49AgEGCCqGSM49AwEHBG0wawIBAQQgbIVbGk+TYhuBBjhdgEtwoK+PIBejziQn8EMtKtmwgzOhRANCAAQiHLDbdyWj0mD0UEA8NUzWtuy5awb9eM249MRYwnJ82kqJbiVfKORqTseHmZQ0BRsA+pGafljwz5YkIE6aU7+T\"}"
},
        {
            "name": "profile.content_settings.exceptions.javascript",
            "value": "{}"
},
        {
            "name": "extensions.commands",
            "value": "{}"
},
        {
            "name": "extensions.toolbar",
            "value": "[\"fheoggkfdfchfphceeifdbepaooicaho\"]"
},
        {
            "name": "bookmark_bar.show_on_all_tabs",
            "value": "false"
},
        {
            "name": "browser.clear_data.cache",
            "value": "true"
},
        {
            "name": "translate_denied_count_for_language",
            "value": "{\"ar\":6,\"es\":6,\"fr\":0,\"mg\":1}"
},
        {
            "name": "profile.content_settings.exceptions.storage_access",
            "value": "{}"
},
        {
            "name": "search.contextual_search_enabled",
            "value": "\"false\""
},
        {
            "name": "translate_auto_never_count",
            "value": "{\"ar\":1}"
},
        {
            "name": "profile.content_settings.exceptions.automatic_downloads",
            "value": "{}"
},
        {
            "name": "profile.content_settings.exceptions.window_placement",
            "value": "{}"
},
        {
            "name": "sharing.synced_devices",
            "value": "{\"UmlPmOJvTvAB4KtgEnLCIw==\":{\"device_auth_secret\":\"MLANi/uqLfsSBGE+alKpNw==\",\"device_capabilities\":3,\"device_fcm_token\":\"evN4a0DZCoI:APA91bHbRH_Zwt_mNZc_WHvUXpOpWA5ADqD2E-LTmGs2HIHr8Sj_7bLV5ABkO7VYbRATzf0pfGomN7IWe4eyE3SUv8gPzRUkKOe5vZEzB0deMm5TXsXKW8gcWHDYVRxAeGrMTC79i1W2\",\"device_p256dh\":\"BM5OuBmEqnRGrlAdyVhhKkUe1ZEVqATkpmVONtX2YyFRcigxNYhUF5iitagwpSmlX9b2OIZDeMgoZzPOK48kmCU=\"},\"ws8f8S6nv3J7kkftQKv1xA==\":{\"device_auth_secret\":\"XtUuJ+2XVmzJ1q2stD94kQ==\",\"device_capabilities\":3,\"device_fcm_token\":\"eQD1ugSmyKQ:APA91bHoVlUanp9cOO8-sY8gj-weZfhFscjPH7ebsq6n_KWaQc-z99XucCA4BFT4ty4A-AMZxRZKZ62TYwWxigid-nEWRkqSUBIbxGLLAU9O8ftItO1DMaBPNqlKoPDb-yN3ynkEM8yG\",\"device_p256dh\":\"BJIP4MTiFaPsLr64kGavTBlox+mJfZi8hqLdttqP4VptpkM95H5y0VQrFYjSModh/Dgkv7j9U2HZ+7L7uJrfHAQ=\"}}"
},
        {
            "name": "browser.clear_data.site_settings",
            "value": "true"
}
    ],
    "Themes": [
        {
            "use_system_theme_by_default": false,
            "use_custom_theme": false
}
    ]
}